negara_tujuan,tahun,volume_ton,nilai_fob_ribu_usd
Jepang,2012,12716.3,89547.1
Jepang,2013,11921.1,69251.6
Jepang,2014,11050.0,59478.0
Jepang,2015,6191.5,34144.1
Jepang,2016,6166.9,32978.6
Jepang,2017,4335.2,24978.5
Jepang,2018,2862.8,16364.1
Jepang,2019,2265.4,12148.8
Jepang,2020,3025.9,15173.8
Jepang,2021,2781.4,12264.6
Jepang,2022,1431.5,8053.1
Jepang,2023,1679.8,10870.8
Jepang,2024,1653.9,9558.7
Jepang,2025,1087.2,7982.0
Malaysia,2012,26174.2,34121.2
Malaysia,2013,27756.2,35821.0
Malaysia,2014,25538.0,34968.3
Malaysia,2015,30721.2,65104.4
Malaysia,2016,25110.9,31851.0
Malaysia,2017,23384.7,30745.6
Malaysia,2018,26619.4,35031.9
Malaysia,2019,28359.8,50970.4
Malaysia,2020,30225.9,47183.7
Malaysia,2021,30861.9,47336.3
Malaysia,2022,31665.5,51095.9
Malaysia,2023,27431.6,39983.9
Malaysia,2024,28608.1,37736.2
Malaysia,2025,29776.1,45026.4
Singapura,2012,20014.5,29318.5
Singapura,2013,24181.6,33407.4
Singapura,2014,22081.6,32224.3
Singapura,2015,22924.4,47354.7
Singapura,2016,19760.3,29569.6
Singapura,2017,18143.6,26291.4
Singapura,2018,17528.1,27862.6
Singapura,2019,15452.2,32241.4
Singapura,2020,15591.1,34762.9
Singapura,2021,15235.2,36987.1
Singapura,2022,14597.7,34529.2
Singapura,2023,15355.5,36155.6
Singapura,2024,15505.3,34008.3
Singapura,2025,15665.3,33059.1
Amerika Serikat,2012,640.0,6200.0
Amerika Serikat,2013,316.8,3198.5
Amerika Serikat,2014,383.2,3355.7
Amerika Serikat,2015,641.6,5088.2
Amerika Serikat,2016,701.1,6567.4
Amerika Serikat,2017,287.8,2926.4
Amerika Serikat,2018,241.5,2520.7
Amerika Serikat,2019,171.0,1641.5
Amerika Serikat,2020,101.6,703.0
Amerika Serikat,2021,22.9,107.0
Amerika Serikat,2022,194.6,1703.0
Amerika Serikat,2023,396.6,4056.5
Amerika Serikat,2024,905.5,9834.5
Amerika Serikat,2025,1047.4,11871.0
Taiwan,2012,3844.6,8702.7
Taiwan,2013,3057.7,8587.1
Taiwan,2014,2721.2,7775.3
Taiwan,2015,2669.8,6737.4
Taiwan,2016,2361.7,6293.6
Taiwan,2017,2041.0,5759.8
Taiwan,2018,1906.9,5614.8
Taiwan,2019,2311.3,8983.1
Taiwan,2020,2448.9,7674.0
Taiwan,2021,1740.6,5258.4
Taiwan,2022,1378.7,4951.0
Taiwan,2023,1410.9,5131.7
Taiwan,2024,1758.0,6874.0
Taiwan,2025,1508.8,5861.8
Arab Saudi,2012,1.1,12.7
Arab Saudi,2013,58.2,136.4
Arab Saudi,2014,99.0,352.7
Arab Saudi,2015,503.2,2086.7
Arab Saudi,2016,1131.9,4766.5
Arab Saudi,2017,886.3,3277.9
Arab Saudi,2018,809.4,2820.0
Arab Saudi,2019,697.8,2506.0
Arab Saudi,2020,262.1,944.2
Arab Saudi,2021,105.9,328.5
Arab Saudi,2022,166.2,565.1
Arab Saudi,2023,294.7,1158.9
Arab Saudi,2024,678.8,2695.7
Arab Saudi,2025,2737.9,13462.0
Hongkong,2012,936.1,4422.9
Hongkong,2013,1002.5,4339.9
Hongkong,2014,1298.6,3450.0
Hongkong,2015,1425.3,3203.7
Hongkong,2016,1917.4,4401.0
Hongkong,2017,2333.2,6234.1
Hongkong,2018,2341.2,7342.2
Hongkong,2019,2124.3,7071.8
Hongkong,2020,2519.9,7539.6
Hongkong,2021,1074.6,3015.8
Hongkong,2022,893.5,3035.4
Hongkong,2023,667.1,2986.2
Hongkong,2024,947.2,3306.0
Hongkong,2025,1250.7,4717.8
Tiongkok,2012,13919.7,7612.6
Tiongkok,2013,8740.4,4975.4
Tiongkok,2014,3202.6,2421.3
Tiongkok,2015,461.0,1148.6
Tiongkok,2016,1121.3,3802.7
Tiongkok,2017,897.9,2741.0
Tiongkok,2018,1725.7,4238.4
Tiongkok,2019,1874.1,6590.3
Tiongkok,2020,2617.4,7808.0
Tiongkok,2021,3151.5,10613.9
Tiongkok,2022,1207.7,3789.6
Tiongkok,2023,536.5,2965.3
Tiongkok,2024,2126.0,11493.9
Tiongkok,2025,3130.0,18171.3
Australia,2012,571.2,2200.6
Australia,2013,710.8,4008.3
Australia,2014,457.4,2550.5
Australia,2015,552.3,3213.0
Australia,2016,432.5,3451.5
Australia,2017,378.8,3300.4
Australia,2018,367.4,2236.9
Australia,2019,320.8,2064.8
Australia,2020,271.7,2241.6
Australia,2021,197.0,2229.2
Australia,2022,220.1,2392.8
Australia,2023,189.0,2129.1
Australia,2024,292.0,2926.4
Australia,2025,379.2,3922.7
Uni Emirat Arab,2012,139.6,647.1
Uni Emirat Arab,2013,54.6,320.6
Uni Emirat Arab,2014,47.9,493.0
Uni Emirat Arab,2015,150.3,1074.0
Uni Emirat Arab,2016,462.0,2271.9
Uni Emirat Arab,2017,722.6,4034.8
Uni Emirat Arab,2018,298.9,1035.5
Uni Emirat Arab,2019,144.5,471.2
Uni Emirat Arab,2020,58.6,163.8
Uni Emirat Arab,2021,7.7,23.6
Uni Emirat Arab,2022,0.4,2.2
Uni Emirat Arab,2023,8.4,50.6
Uni Emirat Arab,2024,109.3,562.6
Uni Emirat Arab,2025,157.4,1052.5
Lainnya,2012,12743.7,22928.0
Lainnya,2013,20279.2,14877.0
Lainnya,2014,1099.3,2545.5
Lainnya,2015,978.2,2591.9
Lainnya,2016,818.1,2003.6
Lainnya,2017,571.1,1593.4
Lainnya,2018,260.1,732.2
Lainnya,2019,185.5,398.8
Lainnya,2020,571.2,1588.2
Lainnya,2021,138.2,346.9
Lainnya,2022,297.0,979.5
Lainnya,2023,141.5,1191.1
Lainnya,2024,667.6,3212.7
Lainnya,2025,1126.3,4529.5
