provinsi,kode_wilayah,kabupaten,produksi_perikanan_tangkap_laut_kg,nilai_produksi_perikanan_tangkap_laut_rupiah,produksi_perikanan_tangkap_perairandarat_kg,nilai_produksi_perikanan_tangkap_perairandarat_rupiah,produksi_perikanan_tangkap_kg,nilai_produksi_perikanan_tangkap_rupiah,lat,lon
Aceh,1101,Simeulue,1980856,70759120902,1722,4879500000,2153056,75638620902,3.1670143860408446,97.4341323097434
Aceh,1102,Aceh Singkil,11272277,280287012000,58907,20249152000,11861347,300536164000,3.366618563523002,97.69704496344188
Aceh,1103,Aceh Selatan,26239153,582461107000,83384,2683425000,26322537,585144532000,4.628245108321609,97.62532080984668
Aceh,1104,Aceh Tenggara,0,0,15636,1484875000,15636,1484875000,4.5207984394520615,96.87584074158057
Aceh,1105,Aceh Timur,51039565,1354335750393,0,0,51039565,1354335750393,4.4587455963923475,96.17916327580873
Aceh,1106,Aceh Tengah,0,0,310154,10636044500,310154,10636044500,5.380526144465321,95.51323178753097
Aceh,1107,Aceh Barat,19716802,478640685500,206527,6567361000,19923329,485208046500,5.0565541448521145,96.02806931222676
Aceh,1108,Aceh Besar,16422232,906624887000,14125,6214403000,16563482,912839290000,5.013978744944243,97.18041475017992
Aceh,1109,Pidie,46372878,1307335296000,58076,15746330000,46953638,1323081626000,2.615534757463705,96.0809430459163
Aceh,1110,Bireuen,29647450,830731349700,4397,84571000,29651847,830815920700,2.3506001606820925,97.85499388425097
Aceh,1111,Aceh Utara,66265000,3750935000000,253,1217675000,66290300,3752152675000,5.094779531608661,96.6096991190073
Aceh,1112,Aceh Barat Daya,5928276,167813852000,9512,477770000,5937788,168291622000,3.824317448606086,96.87272126730706
Aceh,1113,Gayo Lues,0,0,14698,1632560000,14698,1632560000,3.982229107418991,97.36265287210247
Aceh,1114,Aceh Tamiang,33341630,901491940000,0,0,33341630,901491940000,4.830299886427324,95.6819704535109
Aceh,1115,Nagan Raya,2231193,71620574000,1108862,42988550000,3340055,114609124000,4.167619912423209,96.50443611145923
Aceh,1116,Aceh Jaya,7230810,304068710000,5168,18818380000,7747610,322887090000,4.22492272997716,97.9802216532537
Aceh,1117,Bener Meriah,0,0,5837,500400000,5837,500400000,4.768062072179083,97.00374632455733
Aceh,1118,Pidie Jaya,28922654,821396485910,20591,780711500,28943245,822177197410,5.12465888785317,96.21673562637527
Aceh,1171,Kota Banda Aceh,24374035,334684772548,0,0,24374035,334684772548,5.561833314161203,95.33018875754605
Aceh,1172,Kota Sabang,18753804,544374034000,113104,2212965000,18866908,546586999000,5.835893905453045,95.30625401692573
Aceh,1173,Kota Langsa,10693300,322438420000,1611004,64769154000,12304304,387207574000,5.164849640676923,97.10553251736837
Aceh,1174,Kota Lhokseumawe,21593374,564777988000,0,0,21593374,564777988000,4.480289342482141,97.98391166490997
Aceh,1175,Kota Subulussalam,0,0,85346,2781785000,85346,2781785000,2.7273801364727253,97.93678382143896
Sumatera Utara,1201,Nias,1507532,43067355400,0,0,1507532,43067355400,1.8407774483215429,98.64940773595251
Sumatera Utara,1202,Mandailing Natal,21959040,1077825900000,23854,12926400000,22197580,1090752300000,2.000564670458708,99.06616779016602
Sumatera Utara,1203,Tapanuli Selatan,1813,10523700000,1048500,47495680000,1229800,58019380000,1.4999403366472497,99.27008201475981
Sumatera Utara,1204,Tapanuli Tengah,75372586,2128936533245,0,0,75372586,2128936533245,1.0688497863374602,97.72947704503319
Sumatera Utara,1205,Tapanuli Utara,0,0,79343,2159705000,79343,2159705000,3.7095815142944395,98.22450748344545
Sumatera Utara,1206,Toba Samosir,0,0,603326,8780221000,603326,8780221000,3.121448653659541,98.29550960190174
Sumatera Utara,1207,Labuhan Batu,4361896,166149417000,127396,6915050000,4489292,173064467000,3.4774915651795815,98.70021720146696
Sumatera Utara,1208,Asahan,58233611,1379499436574,1036901,34131193000,59270512,1413630629574,2.969357081317002,99.01765395634263
Sumatera Utara,1209,Simalungun,0,0,782424,21923340000,782424,21923340000,2.8064009132411756,99.55807270600002
Sumatera Utara,1210,Dairi,0,0,50254,1341133500,50254,1341133500,2.2848261819668356,100.06229596403746
Sumatera Utara,1211,Karo,0,0,4035,946105000,4035,946105000,2.842442136752398,98.27731937408363
Sumatera Utara,1212,Deli Serdang,34034048,572289304000,5321730,167063911000,39355778,739353215000,2.3882658582291736,99.24652972132301
Sumatera Utara,1213,Langkat,36663630,1090720551500,0,0,36663630,1090720551500,0.7754968306745174,99.36479916694984
Sumatera Utara,1214,Nias Selatan,8193614,325894850000,0,0,8193614,325894850000,0.33733310720972093,98.09880541397094
Sumatera Utara,1215,Humbang Hasundutan,0,0,10544,3865030000,10544,3865030000,2.549765590547521,98.24090344975133
Sumatera Utara,1216,Pakpak Bharat,0,0,0,0,0,0,2.2631911823098014,98.57746775592214
Sumatera Utara,1217,Samosir,0,0,3683306,115565989000,3683306,115565989000,2.5616060452600515,98.72977781676764
Sumatera Utara,1218,Serdang Bedagai,27648700,736266057000,0,0,27648700,736266057000,3.364700038747562,99.06377548484687
Sumatera Utara,1219,Batu Bara,51871275,1860683800000,0,0,51871275,1860683800000,3.236086491800587,99.46711073598708
Sumatera Utara,1220,Padang Lawas Utara,0,0,129104,5268353000,129104,5268353000,1.5891997242795222,99.76322423793928
Sumatera Utara,1221,Padang Lawas,0,0,146796,8964016000,146796,8964016000,1.1414754783762235,99.85276974681693
Sumatera Utara,1222,Labuhan Batu Selatan,0,0,152052,4558610450,152052,4558610450,1.8426216628393968,100.14106105093126
Sumatera Utara,1223,Labuhan Batu Utara,10198592,551042160000,1130701,62486523000,11329293,613528683000,2.414893755547217,99.75760425209387
Sumatera Utara,1224,Nias Utara,14628540,520905495000,0,0,14628540,520905495000,1.3117984280770705,97.35588360462923
Sumatera Utara,1225,Nias Barat,190611,7133775000,0,0,190611,7133775000,1.0337840387617214,97.49516283921221
Sumatera Utara,1271,Kota Sibolga,6728310,157756797000,0,0,6728310,157756797000,3.628560976453666,98.66517584366244
Sumatera Utara,1272,Kota Tanjung Balai,1034894,28929385000,6545,529974000,1041439,29459359000,2.963196885395018,99.06173148354526
Sumatera Utara,1273,Kota Pematang Siantar,0,0,0,0,0,0,1.7482816144631677,98.79368046610766
Sumatera Utara,1274,Kota Tebing Tinggi,0,0,0,0,0,0,2.97599317971324,99.80053708651762
Sumatera Utara,1275,Kota Medan,21170249,536114994437,0,0,21170249,536114994437,3.6119103538902935,98.49156428199855
Sumatera Utara,1276,Kota Binjai,0,0,0,0,0,0,3.3275221401295183,99.15632876381086
Sumatera Utara,1277,Kota Padangsidimpuan,0,0,6978,224805000,6978,224805000,1.387977039301019,99.2876838934975
Sumatera Utara,1278,Kota Gunungsitoli,7150552,213938495000,0,0,7150552,213938495000,1.2727368449053817,97.5912306903399
Sumatera Selatan,1601,Ogan Komering Ulu,0,0,1498732,64627407000,1498732,64627407000,-4.091064417563144,104.10636347734761
Sumatera Selatan,1602,Ogan Komering Ilir,35224744,1082240673000,16563037,493979853000,51787781,1576220526000,-3.3659578722718955,105.39626874286306
Sumatera Selatan,1603,Muara Enim,0,0,3477549,137760769000,3477549,137760769000,-3.6323402376520773,104.00121046145358
Sumatera Selatan,1604,Lahat,0,0,32466,1892655000,32466,1892655000,-3.8272364376019383,103.37993825625041
Sumatera Selatan,1605,Musi Rawas,0,0,597637,40719423000,597637,40719423000,-3.1663967248108267,103.13528357127352
Sumatera Selatan,1606,Musi Banyuasin,0,0,24511490,1849378395000,24511490,1849378395000,-2.4518792834981364,103.82802439015258
Sumatera Selatan,1607,Banyu Asin,50467806,2298006170000,12002875,617603965000,62470681,2915610135000,-2.5243718011207754,104.68800723261143
Sumatera Selatan,1608,Ogan Komering Ulu Selatan,0,0,638515,17278120000,638515,17278120000,-4.076711647766123,104.5627924508102
Sumatera Selatan,1609,Ogan Komering Ulu Timur,0,0,49498,15978741000,49498,15978741000,-4.586301064739658,103.90927384008185
Sumatera Selatan,1610,Ogan Ilir,0,0,8613596,442873159000,8613596,442873159000,-3.412956533940087,104.60649887478408
Sumatera Selatan,1611,Empat Lawang,0,0,477131,15782914000,477131,15782914000,-3.7538197546301846,102.945715737106
Sumatera Selatan,1612,Penukal Abab Lematang Ilir,0,0,1524674,45691950000,1524674,45691950000,-3.202709735979313,103.99424897981427
Sumatera Selatan,1613,Musi Rawas Utara,0,0,1760952,60852202000,1760952,60852202000,-2.7409230466862313,102.73992333342812
Sumatera Selatan,1671,Kota Palembang,674333,4889912595,412117,21735875000,1086450,26625787595,-2.9775487763975703,104.74563389119845
Sumatera Selatan,1672,Kota Prabumulih,0,0,142383,4947825000,142383,4947825000,-4.121466643810716,103.26508087372797
Sumatera Selatan,1673,Kota Pagar Alam,0,0,337513,14602045000,337513,14602045000,-3.2592337473681585,102.87688781447496
Sumatera Selatan,1674,Kota Lubuklinggau,0,0,22563,930350000,22563,930350000,-3.444533576355487,104.2254483003551
Sumatera Barat,1301,Kepulauan Mentawai,12332761,454743415450,0,0,12332761,454743415450,-1.7423715049786475,100.88052653208919
Sumatera Barat,1302,Pesisir Selatan,44416705,1062101946170,105615,4285795000,44522320,1066387741170,-0.9841099666477776,100.83978722379666
Sumatera Barat,1303,Solok,0,0,1044862,43421575000,1044862,43421575000,-0.6902079685574809,101.0942670061354
Sumatera Barat,1304,Sijunjung,0,0,220874,8897740000,220874,8897740000,-0.464076592173024,100.59169352588995
Sumatera Barat,1305,Tanah Datar,0,0,2931117,135378036000,2931117,135378036000,-0.565480056462604,100.22858460693959
Sumatera Barat,1306,Padang Pariaman,18954100,679882600000,727,31715000000,19681100,711597600000,-0.25139346620080855,100.16945038522172
Sumatera Barat,1307,Agam,8890750,267310389000,865661,17799144000,9756411,285109533000,0.020474793854461017,100.57119995260615
Sumatera Barat,1308,Lima Puluh Kota,0,0,4141743,167881595000,4141743,167881595000,0.389407288043659,100.0867744037806
Sumatera Barat,1309,Pasaman,0,0,1176488,39261280000,1176488,39261280000,-1.8335703729559991,99.32275746926415
Sumatera Barat,1310,Solok Selatan,0,0,757562,41915020000,757562,41915020000,-1.1217269073324472,101.5561616012813
Sumatera Barat,1311,Dharmasraya,0,0,35048,20045935000,35048,20045935000,-1.425147396896213,101.26807960511556
Sumatera Barat,1312,Pasaman Barat,99902134,2840630118000,0,0,99902134,2840630118000,0.2041883538488437,99.68908043973194
Sumatera Barat,1371,Kota Padang,29440866,893924547528,19089,706640000,29459955,894631187528,-0.8956380293215939,100.43965318236711
Sumatera Barat,1372,Kota Solok,0,0,4396,135050000,4396,135050000,-0.7895315621164225,100.62850070191018
Sumatera Barat,1373,Kota Sawah Lunto,0,0,28349,1016500000,28349,1016500000,-0.6503596200028628,100.75446657762454
Sumatera Barat,1374,Kota Padang Panjang,0,0,3156,100168000,3156,100168000,-0.4695812703333026,100.41558014166674
Sumatera Barat,1375,Kota Bukittinggi,0,0,1781,59880000,1781,59880000,-0.2945369229145998,100.37220345469336
Sumatera Barat,1376,Kota Payakumbuh,0,0,1145,396910000,1145,396910000,-0.22738267592452402,100.62882162317433
Sumatera Barat,1377,Kota Pariaman,6087508,135406058400,0,0,6087508,135406058400,-0.6076611204428647,100.14162018178531
Bengkulu,1701,Bengkulu Selatan,2663257,91613675000,87238,2375639000,2750495,93989314000,-4.351660984449187,103.0204675343516
Bengkulu,1702,Rejang Lebong,0,0,111473,2313025000,111473,2313025000,-3.4290198864802344,102.70022108427158
Bengkulu,1703,Bengkulu Utara,7739591,229167363000,280617,6638823000,8020208,235806186000,-3.411600145683368,102.00187015072153
Bengkulu,1704,Kaur,8119859,207433685000,331845,7808750000,8451704,215242435000,-4.610960158646474,103.40981837931828
Bengkulu,1705,Seluma,2959294,88981572000,72925,1711708000,3032219,90693280000,-4.055514801090961,102.6619685845709
Bengkulu,1706,Mukomuko,19680863,739435125000,254375,5912419000,19935238,745347544000,-2.689656581231543,101.48601588823385
Bengkulu,1707,Lebong,0,0,117144,2529677000,117144,2529677000,-3.0889995221167705,102.24492272779058
Bengkulu,1708,Kepahiang,0,0,236622,4864835000,236622,4864835000,-3.63179225543033,102.64347028978587
Bengkulu,1709,Bengkulu Tengah,1804886,57048000000,139546,3340700000,1944432,60388700000,-3.6847506341921847,102.40515275575606
Bengkulu,1771,Kota Bengkulu,42288743,1452829640000,254482,5866894000,42543225,1458696534000,-3.847313483310779,102.31242130635648
Riau,1401,Kuantan Singingi,0,0,488773,20929595000,488773,20929595000,0.3209171292112918,101.0651560823577
Riau,1402,Indragiri Hulu,0,0,6086447,297676625000,6086447,297676625000,-0.5419498474345927,102.33054257855453
Riau,1403,Indragiri Hilir,39187972,1362720697000,1293472,59693789000,40481444,1422414486000,1.407856632787515,101.63450651013932
Riau,1404,Pelalawan,2561144,61352248000,3136880,101902400000,5698024,163254648000,-0.23593968513868338,103.15993632918118
Riau,1405,Siak,938485,55603055000,1141734,54639863000,2080219,110242918000,0.21814802507283534,102.27994628441554
Riau,1406,Kampar,0,0,2370228,107513639000,2370228,107513639000,0.9457609979475384,100.50592048631202
Riau,1407,Rokan Hulu,0,0,2005898,102767892000,2005898,102767892000,1.7689220669972985,100.75061805032392
Riau,1408,Bengkalis,5483503,177772148500,593907,31120054000,6077410,208892202500,0.8171711837464782,101.8762337894306
Riau,1409,Rokan Hilir,52471830,1275149478000,3099900,95974882000,55571730,1371124360000,-0.4761552415231414,101.50400856383624
Riau,1410,Kepulauan Meranti,3314340,103324059000,0,0,3314340,103324059000,1.006331523793018,102.64459497448797
Riau,1471,Kota Pekanbaru,0,0,99146,4648370000,99146,4648370000,0.5536423251252225,101.46728005768168
Riau,1473,Kota Dumai,1501906,54790630000,0,0,1501906,54790630000,,
Kepulauan Riau,2101,Karimun,39732710,1325866527540,0,0,39732710,1325866527540,1.017404549209312,104.65875453610263
Kepulauan Riau,2102,Bintan,61247316,1092306557729,0,0,61247316,1092306557729,0.8310673526873539,103.51987134535138
Kepulauan Riau,2103,Natuna,137902802,3990089439153,0,0,137902802,3990089439153,3.7985837252304733,108.259499217511
Kepulauan Riau,2104,Lingga,34029828,1446178491000,0,0,34029828,1446178491000,-0.25029993435895204,104.53004285108517
Kepulauan Riau,2105,Kepulauan Anambas,33315236,1246392326000,0,0,33315236,1246392326000,3.079795830477408,106.0529795652745
Kepulauan Riau,2171,Kota Batam,29402179,979832115310,0,0,29402179,979832115310,0.9628659129444672,104.06689510328081
Kepulauan Riau,2172,Kota Tanjung Pinang,3699235,122995578804,0,0,3699235,122995578804,0.9217356620044923,104.49639559452683
Jambi,1501,Kerinci,0,0,955163,32850479000,955163,32850479000,-2.0315685894512603,101.46535739661492
Jambi,1502,Merangin,0,0,78976,29249451225,78976,29249451225,-2.1920190866658795,102.06817990842356
Jambi,1503,Sarolangun,0,0,463383,11709955000,463383,11709955000,-2.3067204638632317,102.6679947184476
Jambi,1504,Batang Hari,0,0,1134654,38636820000,1134654,38636820000,-1.749069515308606,103.09534791257856
Jambi,1505,Muaro Jambi,0,0,1247209,25788388000,1247209,25788388000,-1.614637129483649,103.74206124804637
Jambi,1506,Tanjung Jabung Timur,23033177,685822060500,183092,5263740000,23216269,691085800500,-1.071842475177836,103.11463239178526
Jambi,1507,Tanjung Jabung Barat,23384008,945995787263,909421,32371240500,24293429,978367027763,-1.2256825171211934,103.96268184984173
Jambi,1508,Tebo,0,0,402228,20292175000,402228,20292175000,-1.5920067424668138,101.92739632942258
Jambi,1509,Bungo,0,0,294698,12942195000,294698,12942195000,-1.3083209482577076,102.36581740783369
Jambi,1571,Kota Jambi,0,0,6212,18028150000,6212,18028150000,-1.6205510492771238,103.59521851914391
Jambi,1572,Kota Sungai Penuh,0,0,276075,9436130000,276075,9436130000,-2.112377914430931,101.3356825411802
Lampung,1801,Lampung Barat,10,21376,760533,22760515000,760543,22760728760,-5.523132606058873,105.50138711227181
Lampung,1802,Tanggamus,35559124,996975157157,40474,7354950000,35963864,1004330107157,-4.8547041249563465,105.27494852646765
Lampung,1803,Lampung Selatan,32731519,822563428847,0,0,32731519,822563428847,-4.795881815337426,104.80850004936075
Lampung,1804,Lampung Timur,69525625,1326707415989,105317,2348318000,69630942,1329055733989,-5.045323331035916,104.25210693463914
Lampung,1805,Lampung Tengah,3035396,87268415000,2598956,79474896000,5634352,166743311000,-4.372274440912644,105.52572304050612
Lampung,1806,Lampung Utara,0,0,29315,809827000,29315,809827000,-5.426504894021702,104.66859896645802
Lampung,1807,Way Kanan,0,0,204052,6039369000,204052,6039369000,-5.129688268840023,105.65381684044401
Lampung,1808,Tulangbawang,30304785,786995367000,1791134,58359964000,32095919,845355331000,-4.516464694323719,104.60466064644595
Lampung,1809,Pesawaran,6064735,249569237000,0,0,6064735,249569237000,-5.469423598858276,105.11273125308145
Lampung,1810,Pringsewu,0,0,68419,2787035000,68419,2787035000,-5.329022163850832,104.93068303668306
Lampung,1811,Mesuji,6274732,268322810000,1311660,45615144000,7586392,313937954000,-4.025641632409501,105.38179933593649
Lampung,1812,Tulang Bawang Barat,0,0,297349,6194669000,297349,6194669000,-4.426231414723862,105.08776383070504
Lampung,1813,Pesisir Barat,965005,27495204000,0,0,965005,27495204000,-5.327229474374388,104.15621723182421
Lampung,1871,Kota Bandar Lampung,5864396,162680037907,0,0,5864396,162680037907,-5.41569012340434,105.26422741547252
Lampung,1872,Kota Metro,0,0,6799,201410000,6799,201410000,-5.1137081077889635,105.30560457426117
Kepulauan Bangka Belitung,1901,Bangka,31880721,1014435092732,26279,2127468000,31907000,1016562560732,-1.899506570936872,105.9182174307934
Kepulauan Bangka Belitung,1902,Belitung,44003661,1320402752000,0,0,44003661,1320402752000,-2.8644107767878406,107.7151302039814
Kepulauan Bangka Belitung,1903,Bangka Barat,41355289,1328968189000,0,0,41355289,1328968189000,-2.7796230722527757,106.3469966395402
Kepulauan Bangka Belitung,1904,Bangka Tengah,33969030,1420715372032,5568,397083963,33974598,1421112455995,-2.4335264390494618,106.2382531679807
Kepulauan Bangka Belitung,1905,Bangka Selatan,41019619,1613129260500,0,0,41019619,1613129260500,-1.8929184966016062,105.4811501635849
Kepulauan Bangka Belitung,1906,Belitung Timur,41242909,1304092508000,0,0,41242909,1304092508000,-2.9067666249732684,108.04559488370163
Kepulauan Bangka Belitung,1971,Kota Pangkal Pinang,2567752,89444147787,0,0,2567752,89444147787,-2.1074390628009754,106.10651868937738
Kalimantan Barat,6101,Sambas,59461450,1771423445502,636192,27319205000,60097642,1798742650502,1.4185231242338405,109.34740322722497
Kalimantan Barat,6102,Bengkayang,7025193,231548912000,749126,24765335000,7774319,256314247000,0.35955354468369,109.15024750192075
Kalimantan Barat,6103,Landak,0,0,875,4013500000,875,4013500000,0.27161546632912814,110.4345288982464
Kalimantan Barat,6104,Mempawah,17889543,550532475000,809779,40523435000,18699322,591055910000,-1.6337856986715351,110.6068349636846
Kalimantan Barat,6105,Sanggau,0,0,1743492,78161990000,1743492,78161990000,0.09408680414108178,112.05103821121236
Kalimantan Barat,6106,Ketapang,28889604,1051493422000,1049139,55514961000,29938743,1107008383000,0.8257636989953024,112.80469796491668
Kalimantan Barat,6107,Sintang,0,0,928414,37091824500,928414,37091824500,1.0111911315007858,109.57970023336826
Kalimantan Barat,6108,Kapuas Hulu,0,0,26923467,441949929000,26923467,441949929000,0.5068551975202708,109.76339650994153
Kalimantan Barat,6109,Sekadau,0,0,145096,9158050000,145096,9158050000,-0.01634723963355178,110.94659696633279
Kalimantan Barat,6110,Melawi,0,0,7722,4443700000,7722,4443700000,-0.6307995086645906,111.72357064434269
Kalimantan Barat,6111,Kayong Utara,24551284,1024054174121,790,37280850000,25341284,1061335024121,-1.0994657312127127,109.88387098825865
Kalimantan Barat,6112,Kubu Raya,32301383,792792094167,1476900,47333380000,33778283,840125474167,-0.38593725601921774,109.54812390632783
Kalimantan Barat,6171,Kota Pontianak,5665,25264400000,223435,8713754000,789935,33978154000,-0.02190917792120629,109.33114901651687
Kalimantan Barat,6172,Kota Singkawang,3164172,89968641000,76803,3014265000,3240975,92982906000,0.8883735507209056,109.03068362594314
Kalimantan Timur,6401,Paser,10861290,300533975000,123248,7524260000,10984538,308058235000,-1.7389930675588519,116.08741591227154
Kalimantan Timur,6402,Kutai Barat,0,0,1650000,45758797000,1650000,45758797000,0.11842074163166308,116.46850454756955
Kalimantan Timur,6403,Kutai Kartanegara,76304134,3507130834000,40233956,1342310933000,116538090,4849441767000,1.9119658817365632,117.33561213780577
Kalimantan Timur,6404,Kutai Timur,7283830,248802359500,2163138,58646180000,9446968,307448539500,,
Kalimantan Timur,6405,Berau,25230639,793731415797,1842461,101594684000,27073100,895326099797,,
Kalimantan Timur,6409,Penajam Paser Utara,5718125,177386041000,114257,6714625000,5832382,184100666000,-1.164312928630738,116.58812979918183
Kalimantan Timur,6411,Mahakam Ulu,0,0,82075,7641295000,82075,7641295000,0.734284669724085,114.83202374140765
Kalimantan Timur,6471,Kota Balikpapan,4425797,123333780799,0,0,4425797,123333780799,-1.1526945229915166,116.86826526314714
Kalimantan Timur,6472,Kota Samarinda,11894831,470550484251,3562000,128630500000,15456831,599180984251,-0.5004514591251232,117.17708516136614
Kalimantan Timur,6474,Kota Bontang,24549773,1030464003500,0,0,24549773,1030464003500,0.09303092782914345,117.45867333357468
Kalimantan Selatan,6301,Tanah Laut,49570780,1454417124833,1025403,31728505000,50596183,1486145629833,-3.8193266548426013,114.90443615956026
Kalimantan Selatan,6302,Kota Baru,65225447,3364785151585,6158805,341022201000,71384252,3705807352585,-2.978340040090752,116.06445720611077
Kalimantan Selatan,6303,Banjar,7586400,156052150000,1585214,54858787500,9171614,210910937500,-3.3185757613616658,115.0845899721962
Kalimantan Selatan,6304,Barito Kuala,3404000,88619500000,5772606,222660022000,9176606,311279522000,-3.0836416980183574,114.6327130532637
Kalimantan Selatan,6305,Tapin,0,0,3767642,117209511000,3767642,117209511000,-2.9218936001533096,115.04540200816558
Kalimantan Selatan,6306,Hulu Sungai Selatan,0,0,14607884,532330014000,14607884,532330014000,-2.728024681779386,115.20156447121315
Kalimantan Selatan,6307,Hulu Sungai Tengah,0,0,8292517,228707756000,8292517,228707756000,-2.6074779397594,115.4723348028889
Kalimantan Selatan,6308,Hulu Sungai Utara,0,0,12325195,356777805000,12325195,356777805000,-2.435667740159232,115.15467783683297
Kalimantan Selatan,6309,Tabalong,0,0,2163414,49787143000,2163414,49787143000,-1.8613804625249162,115.50158316510372
Kalimantan Selatan,6310,Tanah Bumbu,43881332,1483972262482,2638967,111960275000,46520299,1595932537482,-3.4414898291781566,115.64502222217733
Kalimantan Selatan,6311,Balangan,0,0,861058,29728935000,861058,29728935000,-2.3147737654453686,115.6234280161262
Kalimantan Selatan,6371,Kota Banjarmasin,127565,3536269733,2281784,82250110000,2409349,85786379733,-3.3248768143012613,114.59277674300841
Kalimantan Selatan,6372,Kota Banjar Baru,0,0,314897,15262535000,314897,15262535000,-3.4733316897350504,114.7906533312601
Kalimantan Tengah,6201,Kotawaringin Barat,20600884,961350726000,3785429,185612960000,24386313,1146963686000,-2.5762384961559985,111.77201854623969
Kalimantan Tengah,6202,Kotawaringin Timur,27471513,742088388000,4959662,175544407000,32431175,917632795000,-2.079883100205274,112.71269564274779
Kalimantan Tengah,6203,Kapuas,11847061,312965050000,11661438,461176150000,23508499,774141200000,-1.758596183072404,114.30345367837317
Kalimantan Tengah,6204,Barito Selatan,0,0,7108051,186505231000,7108051,186505231000,-1.777343735105385,114.90658578204821
Kalimantan Tengah,6205,Barito Utara,0,0,1099487,56361645000,1099487,56361645000,-0.9270729974032674,115.13848807046031
Kalimantan Tengah,6206,Sukamara,3463815,185286710000,1422857,64701135000,4886672,249987845000,-1.6870693173791818,113.07020833269263
Kalimantan Tengah,6207,Lamandau,0,0,817224,45253010000,817224,45253010000,-2.2641941963617587,112.19816985355779
Kalimantan Tengah,6208,Seruyan,10693852,249516651868,9661250,218399197000,20355102,467915848868,-2.599420099880976,111.15960532657793
Kalimantan Tengah,6209,Katingan,12729368,414517681000,4367650,184311289500,17097018,598828970500,-1.7715461875954877,111.4187261011169
Kalimantan Tengah,6210,Pulang Pisau,16967870,508582824000,3328956,120255622000,20296826,628838446000,-1.0244654220408234,113.55983990070207
Kalimantan Tengah,6211,Gunung Mas,0,0,170145,9802100000,170145,9802100000,-2.685926582677442,113.96880587701631
Kalimantan Tengah,6212,Barito Timur,0,0,784058,29014473000,784058,29014473000,-0.02932421489654074,114.26355119063498
Kalimantan Tengah,6213,Murung Raya,0,0,356125,25164550000,356125,25164550000,-1.9812517715052218,115.14223897171554
Kalimantan Tengah,6271,Kota Palangka Raya,0,0,5216477,235646955000,5216477,235646955000,-2.007943444941627,113.76813526547123
Kalimantan Utara,6501,Malinau,0,0,14564,7724550000,14564,7724550000,2.790167516438636,117.02655963571164
Kalimantan Utara,6502,Bulungan,8597290,385003245000,364045,15026070000,8961335,400029315000,2.5118632048451732,115.73508311549593
Kalimantan Utara,6503,Tana Tidung,890789,24364510000,227763,10327820000,1118552,34692330000,4.006812000366471,116.63638585472839
Kalimantan Utara,6504,Nunukan,5563797,209273876862,14503,5585005000,5708827,214858881862,3.5681591092290756,117.14348436851769
Kalimantan Utara,6571,Kota Tarakan,8458111,178159906400,0,0,8458111,178159906400,3.361290969358277,117.60279502228988
Banten,3601,Pandeglang,31359063,930066980660,0,0,31359063,930066980660,-6.588696084213422,105.7432300128062
Banten,3602,Lebak,6800740,144509019186,30025,906374000,6830765,145415393186,-6.645882197962549,106.20942456524861
Banten,3603,Tangerang,22410605,673791820136,89931,2195340000,22500536,675987160136,-6.171351820340868,106.51649221490386
Banten,3604,Serang,7694055,290615119896,34973,829883000,7729028,291445002896,-6.140573462455716,106.14576321472074
Banten,3671,Kota Tangerang,0,0,19462,6435623000,19462,6435623000,-6.181348422826225,106.65073084204323
Banten,3672,Kota Cilegon,237141,7682462000,0,0,237141,7682462000,-5.996281198461587,106.01832642062827
Banten,3673,Kota Serang,5237448,83664820826,0,0,5237448,83664820826,-6.123011980735116,106.16566707106196
Banten,3674,Kota Tangerang Selatan,0,0,862589,17707802000,862589,17707802000,-6.29932114292996,106.70569974568836
DKI Jakarta,3101,Kepulauan Seribu,1838968,54425384500,0,0,1838968,54425384500,-5.732338810748125,106.57006151315365
DKI Jakarta,3171,Kota Jakarta Selatan,0,0,0,0,0,0,-6.1693662316666105,106.83153417566672
DKI Jakarta,3172,Kota Jakarta Timur,0,0,0,0,0,0,-6.130712799339185,106.87645194123066
DKI Jakarta,3173,Kota Jakarta Pusat,0,0,0,0,0,0,-6.162303547588619,106.7462063748551
DKI Jakarta,3174,Kota Jakarta Barat,0,0,0,0,0,0,-6.268711902269686,106.81002042708161
DKI Jakarta,3175,Kota Jakarta Utara,200064729,5460240373338,0,0,200064729,5460240373338,-6.252203776646225,106.89364398173089
Jawa Barat,3201,Bogor,0,0,112778,3587679000,112778,3587679000,-6.558932962337194,106.76958647561509
Jawa Barat,3202,Sukabumi,8094030,164375871672,252474,8103814000,8346504,172479685672,-7.074153135805953,106.70555841421525
Jawa Barat,3203,Cianjur,2012648,80413195000,390163,5189769000,2402811,85602964000,-7.136188652549919,107.15771954634808
Jawa Barat,3204,Bandung,0,0,273182,6506356000,273182,6506356000,-7.09749439682885,107.61319576318682
Jawa Barat,3205,Garut,2700180,89133737500,281187,8323100000,2981367,97456837500,-7.357257998791561,107.79203063004526
Jawa Barat,3206,Tasikmalaya,1035987,19689524500,249488,5998273000,1285475,25687797500,-7.495857307990164,108.14142289195674
Jawa Barat,3207,Ciamis,0,0,303724,6380299500,303724,6380299500,-7.288317634473711,108.43298800417821
Jawa Barat,3208,Kuningan,0,0,440833,11792309000,440833,11792309000,-6.999038138047564,108.55808335164264
Jawa Barat,3209,Cirebon,37660716,1249801090000,7119,208336000,37667835,1250009426000,-6.7428932281897875,108.55168237006781
Jawa Barat,3210,Majalengka,0,0,7884,21266440000,7884,21266440000,-6.8148050930398565,108.25843771303907
Jawa Barat,3211,Sumedang,0,0,1530825,31706222410,1530825,31706222410,-6.821331207596578,107.98217987059533
Jawa Barat,3212,Indramayu,167441388,3900090477790,10878229,275325176000,178319617,4175415653790,-6.447598451038617,108.16989749747002
Jawa Barat,3213,Subang,22372800,769489040231,31177,648186500,22403977,770137226731,-6.484732904688644,107.73006528809091
Jawa Barat,3214,Purwakarta,0,0,1663188,24608013000,1663188,24608013000,-6.595430966603101,107.43001737106358
Jawa Barat,3215,Karawang,9403413,317141166080,70159,1225187000,9473572,318366353080,-6.251450756951321,107.35488295502849
Jawa Barat,3216,Bekasi,7200797,229582167000,61033,2072617000,7261830,231654784000,-6.218443597619377,107.11871449132886
Jawa Barat,3217,Bandung Barat,0,0,220325,4843062000,220325,4843062000,-6.892790239286714,107.41475388665258
Jawa Barat,3218,Pangandaran,2371034,67629624502,32879,1422906000,2403913,69052530502,-7.63334391550098,108.51750653406597
Jawa Barat,3271,Kota Bogor,0,0,19,42186000,19,42186000,-6.59372438130576,106.79762978200314
Jawa Barat,3272,Kota Sukabumi,0,0,2991,87060000,2991,87060000,-6.937421505662686,106.92864781072839
Jawa Barat,3273,Kota Bandung,0,0,0,0,0,0,-6.919317161399909,107.63586001354707
Jawa Barat,3274,Kota Cirebon,7784420,422056407185,0,0,7784420,422056407185,-6.742668024514026,108.5539730820028
Jawa Barat,3275,Kota Bekasi,0,0,69066,2441025000,69066,2441025000,-6.276600268683409,106.97424396048754
Jawa Barat,3276,Kota Depok,0,0,7919,2283700000,7919,2283700000,-6.39349093544652,106.81987366248643
Jawa Barat,3277,Kota Cimahi,0,0,0,0,0,0,-6.885464779411675,107.54667639608148
Jawa Barat,3278,Kota Tasikmalaya,0,0,100157,1497552000,100157,1497552000,-7.3532458523973085,108.21846495988939
Jawa Barat,3279,Kota Banjar,0,0,18512,412635000,18512,412635000,-7.3749008903618956,108.57024101826633
Jawa Tengah,3301,Cilacap,45075520,871027806958,1494031,34514806168,46569551,905542613126,-7.489697408143298,108.89363191386514
Jawa Tengah,3302,Banyumas,0,0,974564,43341725000,974564,43341725000,-7.4564636084457545,109.1747021035179
Jawa Tengah,3303,Purbalingga,0,0,286927,8607810000,286927,8607810000,-7.324517418856608,109.4086169928391
Jawa Tengah,3304,Banjarnegara,0,0,575565,13081435000,575565,13081435000,-7.346523860570997,109.65935458066573
Jawa Tengah,3305,Kebumen,3610260,118881755400,4167070,85188095000,7777330,204069850400,-7.656164232504453,109.61634514139942
Jawa Tengah,3306,Purworejo,78226,5219905400,84848,2830488000,163074,8050393400,-7.700424291429903,109.96395324903855
Jawa Tengah,3307,Wonosobo,0,0,581176,11559691000,581176,11559691000,-7.416245060649152,109.90993341994475
Jawa Tengah,3308,Magelang,0,0,305299,12386930000,305299,12386930000,-7.503305825175242,110.24672060614654
Jawa Tengah,3309,Boyolali,0,0,1217008,20738150000,1217008,20738150000,-7.411338445830755,110.65333953437228
Jawa Tengah,3310,Klaten,0,0,498429,12794516000,498429,12794516000,-7.681681431048258,110.62122220213504
Jawa Tengah,3311,Sukoharjo,0,0,40424,3705152000,40424,3705152000,-7.683322269322623,110.83680414758624
Jawa Tengah,3312,Wonogiri,5514,4507851000,4408792,58953875000,4463932,63461726000,-7.919303136086087,111.0032843924503
Jawa Tengah,3313,Karanganyar,0,0,527285,11612077000,527285,11612077000,-7.620300029595043,111.02498881200871
Jawa Tengah,3314,Sragen,0,0,2659272,52076444000,2659272,52076444000,-7.384928204449099,110.9702023535172
Jawa Tengah,3315,Grobogan,0,0,1392483,32677921000,1392483,32677921000,-7.115753721194039,110.92567641994357
Jawa Tengah,3316,Blora,0,0,351392,9448055000,351392,9448055000,-7.072207516117381,111.38891396641175
Jawa Tengah,3317,Rembang,93541944,1553626932596,0,0,93541944,1553626932596,-6.772822176555333,111.46449014645191
Jawa Tengah,3318,Pati,125448494,1723859718018,145302,3172846500,125593796,1727032564518,-6.74090355398647,111.03998057241472
Jawa Tengah,3319,Kudus,0,0,553228,11454454000,553228,11454454000,-6.794185828311507,110.86884771204001
Jawa Tengah,3320,Jepara,11281759,349739351763,516561,9913027000,11798320,359652378763,-6.550961188343433,110.76462357766279
Jawa Tengah,3321,Demak,8190916,252094806600,917445,23679768000,9108361,275774574600,-6.910819237234451,110.63161525291517
Jawa Tengah,3322,Semarang,0,0,1337975,34593781000,1337975,34593781000,-7.270573490969669,110.47694970441518
Jawa Tengah,3323,Temanggung,0,0,140121,4914335000,140121,4914335000,-7.25690625835038,110.13617708536296
Jawa Tengah,3324,Kendal,5912324,102893341200,456759,9942141000,6369083,112835482200,-7.0325959117779835,110.1561419130964
Jawa Tengah,3325,Batang,28693185,655603742897,21189,13773255000,28905075,669376997897,-7.020074741129232,109.85658607968989
Jawa Tengah,3326,Pekalongan,5591139,86968954000,406757,12798674000,5997896,99767628000,-7.056442118527152,109.62124774246244
Jawa Tengah,3327,Pemalang,15746261,252353496065,741951,13098752213,16488212,265452248278,-7.036824420124105,109.39546461165935
Jawa Tengah,3328,Tegal,1414191,43905204500,94438,1190959000,1508629,45096163500,-7.026693889631798,109.15981948559308
Jawa Tengah,3329,Brebes,20996435,370496032614,43116,8359612000,21427595,378855644614,-7.063176257562327,108.93403854073088
Jawa Tengah,3371,Kota Magelang,0,0,5401,137034000,5401,137034000,-7.47329582499996,110.21993822500002
Jawa Tengah,3372,Kota Surakarta,0,0,1482,36407000,1482,36407000,-7.55808709469179,110.8234954570598
Jawa Tengah,3373,Kota Salatiga,0,0,0,0,0,0,-7.334102490521775,110.5022224860604
Jawa Tengah,3374,Kota Semarang,2027271,72277949000,644,193200000,2033711,72471149000,-7.025015072086553,110.38960846315558
Jawa Tengah,3375,Kota Pekalongan,12104495,169372620418,26712,362331000,12131207,169734951418,-6.891321039551452,109.68087749701236
Jawa Tengah,3376,Kota Tegal,148491574,2090618908478,0,0,148491574,2090618908478,-6.871301886959069,109.11364435557871
DI Yogyakarta,3401,Kulon Progo,860259,30643010000,1329773,39944866000,2190032,70587876000,-7.820775450084412,110.16465821611612
DI Yogyakarta,3402,Bantul,472376,11823968000,378343,10318619000,850719,22142587000,-7.8958588320328635,110.35186603068885
DI Yogyakarta,3403,Gunung Kidul,5215691,112651890310,184622,5205546000,5400313,117857436310,-7.991307268454034,110.61215584876116
DI Yogyakarta,3404,Sleman,0,0,93125,2198566000,93125,2198566000,-7.715419045394794,110.38015234050651
DI Yogyakarta,3471,Kota Yogyakarta,0,0,3198,61854000,3198,61854000,-7.7979593771294144,110.37341510767067
Jawa Timur,3501,Pacitan,16684513,207846383700,817083,19204578000,17501596,227050961700,-8.123607220896215,111.18047621211026
Jawa Timur,3502,Ponorogo,0,0,515,2524500000,515,2524500000,-7.933599340350972,111.49523064894177
Jawa Timur,3503,Trenggalek,22670170,173746108858,1909,350505000,22689260,174096613858,-8.161395798480934,111.62713917347395
Jawa Timur,3504,Tulungagung,18886160,371031963022,2248,370252200,18908640,371402215222,-8.112047481597882,111.88717293884102
Jawa Timur,3505,Blitar,5338468,67623577046,318084,5837135977,5656552,73460713023,-8.127147311848978,112.236535936021
Jawa Timur,3506,Kediri,0,0,80216,1493701000,80216,1493701000,-7.825632087402508,112.08686513507509
Jawa Timur,3507,Malang,29967799,595428453740,506537,12713321000,30474336,608141774740,-8.12203076046573,112.6412596509427
Jawa Timur,3508,Lumajang,6218830,76437614500,839038,9201909500,7057868,85639524000,-8.126585840178537,113.1360548236245
Jawa Timur,3509,Jember,9248074,102012338558,260,6304892500,9508074,108317231058,-8.236591138205059,113.65074701627125
Jawa Timur,3510,Banyuwangi,83976008,1177512203722,2164590,41238877290,86140598,1218751081012,-8.368235367586598,114.20702240188156
Jawa Timur,3511,Bondowoso,0,0,113566,2473418000,113566,2473418000,-7.943554353012896,113.94673028757414
Jawa Timur,3512,Situbondo,18745498,374960208000,0,0,18745498,374960208000,-7.802873587297728,114.04521179738008
Jawa Timur,3513,Probolinggo,29763680,471778899500,18906,6841300000,29952740,478620199500,-7.863989235581304,113.32232673957115
Jawa Timur,3514,Pasuruan,26321388,383247465791,29428,8201517100,26615668,391448982891,-7.740244419484596,112.83219484111119
Jawa Timur,3515,Sidoarjo,16042100,134136200000,5633,7895600000,16605400,142031800000,-7.452537959854897,112.70301174997199
Jawa Timur,3516,Mojokerto,0,0,17051,3291999000,17051,3291999000,-7.550066260310379,112.48313600490455
Jawa Timur,3517,Jombang,0,0,1512,3578400000,1512,3578400000,-7.544885992497218,112.26388347408454
Jawa Timur,3518,Nganjuk,0,0,679,12500732550,679,12500732550,-7.597314247905525,111.93721729612518
Jawa Timur,3519,Madiun,0,0,5098,8260800000,5098,8260800000,-7.623620570613178,111.64255053398203
Jawa Timur,3520,Magetan,0,0,465,1513300000,465,1513300000,-7.663624639337919,111.36091552613611
Jawa Timur,3521,Ngawi,0,0,6995,14097319000,6995,14097319000,-7.436666190162345,111.3444660039196
Jawa Timur,3522,Bojonegoro,0,0,1278100,28185390000,1278100,28185390000,-7.256609378151508,111.80722164896787
Jawa Timur,3523,Tuban,44587086,756175056000,508391,7518830000,45095477,763693886000,-6.952746350083851,111.8884699820017
Jawa Timur,3524,Lamongan,109442004,1756411649573,3166480,41485437500,112608484,1797897087073,-7.1361122753249555,112.30151543587752
Jawa Timur,3525,Gresik,8374260,163099654500,74383,15025245690,9118090,178124900190,-6.927727820907209,112.55897267663481
Jawa Timur,3526,Bangkalan,28084465,809669124535,813,4842000000,28165765,814511124535,-7.043062825598873,112.92992532158443
Jawa Timur,3527,Sampang,17846567,414681688000,183,667000000,17864867,415348688000,-7.04988057011482,113.25619102591914
Jawa Timur,3528,Pamekasan,24985607,518796454000,0,0,24985607,518796454000,-7.063271538467176,113.50696370706036
Jawa Timur,3529,Sumenep,45687374,1326872511200,9236,2791537674,45779734,1329664048874,-6.9802012388298635,114.34237299017083
Jawa Timur,3571,Kota Kediri,0,0,325,956535522,325,956535522,-7.823496720803787,112.02192094146396
Jawa Timur,3572,Kota Blitar,0,0,0,0,0,0,-8.090129469426913,112.16824422483882
Jawa Timur,3573,Kota Malang,0,0,0,0,0,0,-7.975172849480579,112.6349343827671
Jawa Timur,3574,Kota Probolinggo,34506862,873829091676,1479,385329000,34521652,874214420676,-7.772933380344393,113.20322406111713
Jawa Timur,3575,Kota Pasuruan,13281952,101463946982,0,0,13281952,101463946982,-7.644713215931187,112.90444026798741
Jawa Timur,3576,Kota Mojokerto,0,0,634,205362000,634,205362000,-7.473406292712535,112.43584330996674
Jawa Timur,3577,Kota Madiun,0,0,962,2638980000,962,2638980000,-7.624559901041397,111.5259582065754
Jawa Timur,3578,Kota Surabaya,8393800,165636912000,132,2744700000,8525800,168381612000,-7.2766652806933525,112.72026414292577
Jawa Timur,3579,Kota Batu,0,0,0,0,0,0,-7.840395156711504,112.5272872163438
Bali,5101,Jembrana,25677348,175820456816,0,0,25677348,175820456816,-8.312517649049651,114.68198090761265
Bali,5102,Tabanan,645705,30205530000,136596,3621846000,782301,33827376000,-8.429503264632343,115.07483681295903
Bali,5103,Badung,8372741,154864901489,1323,388860000,8385971,155253761489,-8.576447508975996,115.19017409931628
Bali,5104,Gianyar,661997,36184725000,0,0,661997,36184725000,-8.475532684436013,115.28511205105325
Bali,5105,Klungkung,3458406,120078033000,0,0,3458406,120078033000,-8.669316740780987,115.49878131393517
Bali,5106,Bangli,0,0,603011,18090330000,603011,18090330000,-8.292665818316127,115.35104496441004
Bali,5107,Karang Asem,28798217,543660813000,0,0,28798217,543660813000,-8.377210317005312,115.52814501709302
Bali,5108,Buleleng,17056109,324268969000,32928,9574500000,17385389,333843469000,-8.203567401167275,114.95750500836516
Bali,5171,Kota Denpasar,42941954,1471698210906,438,1095000000,42985754,1472793210906,-8.66317386187236,115.22191545618645
Nusa Tenggara Timur,5301,Sumba Barat,1600900,47446500000,0,0,1600900,47446500000,-9.91848758656641,123.85916357424503
Nusa Tenggara Timur,5302,Sumba Timur,2488552,83027495000,0,0,2488552,83027495000,-9.826985053133146,124.40074754507847
Nusa Tenggara Timur,5303,Kupang,1298985,32328925000,0,0,1298985,32328925000,-9.373960145214156,124.56970569011868
Nusa Tenggara Timur,5304,Timor Tengah Selatan,994705,27334840000,0,0,994705,27334840000,-9.154334955334674,124.9659111131091
Nusa Tenggara Timur,5305,Timor Tengah Utara,852312,23208347000,0,0,852312,23208347000,-8.305132980790246,124.57209605760256
Nusa Tenggara Timur,5306,Belu,1611714,54267250000,0,0,1611714,54267250000,-8.361446210977622,122.94314333424406
Nusa Tenggara Timur,5307,Alor,3836398,131955835000,0,0,3836398,131955835000,-8.612636016576912,122.31103619481897
Nusa Tenggara Timur,5308,Lembata,1840528,56634705000,0,0,1840528,56634705000,-8.676851767890525,121.73639180366652
Nusa Tenggara Timur,5309,Flores Timur,379976,7307435000,0,0,379976,7307435000,-8.664895281186691,121.00027544407304
Nusa Tenggara Timur,5310,Sikka,737,3234810000,0,0,737,3234810000,-8.568386734420441,120.40143480460355
Nusa Tenggara Timur,5311,Ende,1560219,68835225000,0,0,1560219,68835225000,-9.877794183591359,120.25205138106921
Nusa Tenggara Timur,5312,Ngada,467899,9706805000,0,0,467899,9706805000,-9.644428983613476,119.38545436182955
Nusa Tenggara Timur,5313,Manggarai,556115,13976025000,0,0,556115,13976025000,-8.383289039757273,123.53277390747094
Nusa Tenggara Timur,5314,Rote Ndao,821053,21580807519,0,0,821053,21580807519,-10.725010626427892,123.12764214767091
Nusa Tenggara Timur,5315,Manggarai Barat,1108168,32849000000,0,0,1108168,32849000000,-8.600768017987635,119.99501067932717
Nusa Tenggara Timur,5316,Sumba Tengah,112791,2526823000,0,0,112791,2526823000,-8.687126618159304,121.2750793218293
Nusa Tenggara Timur,5317,Sumba Barat Daya,642,20186000000,0,0,642,20186000000,-9.537598261589862,119.67073097209335
Nusa Tenggara Timur,5318,Nagekeo,1509469,23319155000,0,0,1509469,23319155000,-9.532826568012661,119.180202260402
Nusa Tenggara Timur,5319,Manggarai Timur,2610977,83312980000,0,0,2610977,83312980000,-8.5729876403986,120.68550574121689
Nusa Tenggara Timur,5320,Sabu Raijua,838904,19215025000,0,0,838904,19215025000,-10.536723849546565,121.8522678616995
Nusa Tenggara Timur,5321,Malaka,257188,5356760000,0,0,257188,5356760000,-9.519897505787878,124.88953002351201
Nusa Tenggara Timur,5371,Kota Kupang,4855310,138941995000,0,0,4855310,138941995000,-10.204334999004343,123.60542538245704
Nusa Tenggara Barat,5201,Lombok Barat,12759653,384074270500,80441,2428341000,12840094,386502611500,-8.660282090005236,116.09468848926399
Nusa Tenggara Barat,5202,Lombok Tengah,3117497,65599960672,5857,12178067100,3703197,77778027772,-8.71647136921312,116.28723556360436
Nusa Tenggara Barat,5203,Lombok Timur,16247300,335674037461,12085,180856000,16259385,335854893461,-8.529827077877332,116.52858822355866
Nusa Tenggara Barat,5204,Sumbawa,37197656,632096572054,2767746,51406700000,39965402,683503272054,-8.702930847948085,117.48011580064693
Nusa Tenggara Barat,5205,Dompu,23631806,178964552445,47579,1749685000,23679385,180714237445,-8.469958397901527,118.20975868971405
Nusa Tenggara Barat,5206,Bima,16648621,282427125219,0,0,16648621,282427125219,-8.478500343467816,118.62236595669437
Nusa Tenggara Barat,5207,Sumbawa Barat,1101265,24974039000,217936,5102350000,1319201,30076389000,-8.827610265734995,116.91502802359011
Nusa Tenggara Barat,5208,Lombok Utara,8496764,183347578000,0,0,8496764,183347578000,-8.354125086252377,116.28114259036386
Nusa Tenggara Barat,5271,Kota Mataram,1538982,44070659000,0,0,1538982,44070659000,-8.589128527666597,116.1045919783334
Nusa Tenggara Barat,5272,Kota Bima,6981,23857546000,0,0,6981,23857546000,-8.458907739200686,118.78787685364118
Gorontalo,7501,Boalemo,23458892,541743269000,0,0,23458892,541743269000,0.6902154659024374,122.71400127586654
Gorontalo,7502,Gorontalo,22329617,576771288500,2298525,81959370000,24628142,658730658500,0.6559302283536039,122.32301131751822
Gorontalo,7503,Pohuwato,27389131,590098085216,0,0,27389131,590098085216,0.5326411867907287,123.29383651413474
Gorontalo,7504,Bone Bolango,12692563,268338663699,0,0,12692563,268338663699,0.6896488252559273,121.71134532169246
Gorontalo,7505,Gorontalo Utara,25171007,596820164376,0,0,25171007,596820164376,0.8856661374294905,122.66116444503488
Gorontalo,7571,Kota Gorontalo,18324035,592088939500,159906,4015506000,18483941,596104445500,0.5342942083494051,123.0599506771887
Sulawesi Barat,7601,Majene,9541602,287721040000,0,0,9541602,287721040000,-1.489784335937413,119.5081079295435
Sulawesi Barat,7602,Polewali Mandar,30048292,752738771000,0,0,30048292,752738771000,-2.5214273567219005,119.34553047262331
Sulawesi Barat,7603,Mamasa,0,0,0,0,0,0,-2.9436759759385254,119.3130925226579
Sulawesi Barat,7604,Mamuju,21809527,673385238000,0,0,21809527,673385238000,-3.3135701758894975,119.14722866220947
Sulawesi Barat,7605,Pasangkayu,8623496,261074555000,0,0,8623496,261074555000,-3.165805222877128,118.92065322150805
Sulawesi Barat,7606,Mamuju Tengah,1504346,29724332942,31946,1007779000,1536292,30732111942,-2.003619422883402,119.51338302716474
Sulawesi Tengah,7201,Banggai Kepulauan,22388600,913195200000,0,0,22388600,913195200000,-1.0192571570059719,122.58867890878928
Sulawesi Tengah,7202,Banggai,28020292,839170140800,0,0,28020292,839170140800,-1.6771536717686129,120.5341757676656
Sulawesi Tengah,7203,Morowali,33036899,775737972000,0,0,33036899,775737972000,-0.4283360899062619,119.83338910050098
Sulawesi Tengah,7204,Poso,7190623,271331100000,496353,17067635000,7686976,288398735000,0.9282382726528358,120.73255668531928
Sulawesi Tengah,7205,Donggala,45173838,1265476736000,9069,18156000000,46080738,1283632736000,0.9768353356888629,121.38853933192715
Sulawesi Tengah,7206,Toli-Toli,14995615,410662743172,7119752,145182715000,22115367,555845458172,-2.705328464545943,121.91127392682753
Sulawesi Tengah,7207,Buol,21126732,588626035476,0,0,21126732,588626035476,-1.369817005049412,123.14272238195332
Sulawesi Tengah,7208,Parigi Moutong,31399698,866217345000,8746,2959015000,31487158,869176360000,0.02488452747183468,120.4528517768364
Sulawesi Tengah,7209,Tojo Una-Una,18432400,656600700000,0,0,18432400,656600700000,-1.1396011305698581,121.56458868474269
Sulawesi Tengah,7210,Sigi,0,0,69601,1210870000,69601,1210870000,-1.4066630381682097,119.97397057430669
Sulawesi Tengah,7211,Banggai Laut,42115500,820194200000,0,0,42115500,820194200000,-1.7716717032263851,123.52108484588435
Sulawesi Tengah,7212,Morowali Utara,2373048,81441290000,184407,5700020000,2557455,87141310000,-1.8261142532212153,121.39395875806905
Sulawesi Tengah,7271,Kota Palu,1989800,69945000000,0,0,1989800,69945000000,-0.8388949786007773,119.90372870788154
Sulawesi Utara,7101,Bolaang Mongondow,21336583,482666063688,0,0,21336583,482666063688,0.706773186323638,124.03280568287629
Sulawesi Utara,7102,Minahasa,17093954,597299731000,3799750,183625470000,20893704,780925201000,1.2513806351172772,124.85651116786735
Sulawesi Utara,7103,Kepulauan Sangihe,19823946,228434138311,0,0,19823946,228434138311,3.5477841210220324,125.54334287708018
Sulawesi Utara,7104,Kepulauan Talaud,17840031,521154366647,0,0,17840031,521154366647,4.223370717164599,126.77447253755327
Sulawesi Utara,7105,Minahasa Selatan,11076883,290639682926,0,0,11076883,290639682926,1.083906018369705,124.51649866830593
Sulawesi Utara,7106,Minahasa Utara,23104765,1184268508605,0,0,23104765,1184268508605,1.5426289782195266,125.00655524273199
Sulawesi Utara,7107,Bolaang Mongondow Utara,8491972,342225180000,0,0,8491972,342225180000,1.0128356660316165,124.71754440783884
Sulawesi Utara,7108,Siau Tagulandang Biaro,20903842,447643035796,0,0,20903842,447643035796,0.7686084716235381,123.47121496755814
Sulawesi Utara,7109,Minahasa Tenggara,28141530,661975088625,0,0,28141530,661975088625,2.5725793525631575,125.40406674349943
Sulawesi Utara,7110,Bolaang Mongondow Selatan,20247709,620833686570,0,0,20247709,620833686570,0.7173756957909831,124.51268168376082
Sulawesi Utara,7111,Bolaang Mongondow Timur,15067793,772455850000,926172,38434090000,15993965,810889940000,0.44408670291354424,123.93751494359189
Sulawesi Utara,7171,Kota Manado,21725569,779383749031,0,0,21725569,779383749031,1.5199161198711368,124.85910211194559
Sulawesi Utara,7172,Kota Bitung,111331729,2731326506101,0,0,111331729,2731326506101,1.4873134883362444,125.15911185245115
Sulawesi Utara,7173,Kota Tomohon,0,0,0,0,0,0,1.3322114843769992,124.81617351406838
Sulawesi Utara,7174,Kota Kotamobagu,0,0,0,0,0,0,0.7207447008101047,124.31735499258266
Sulawesi Selatan,7301,Kepulauan Selayar,25610400,724260229800,0,0,25610400,724260229800,-6.5548299288394185,120.70656532119315
Sulawesi Selatan,7302,Bulukumba,58965300,1889194800000,0,0,58965300,1889194800000,-5.426601142611994,120.23595849175578
Sulawesi Selatan,7303,Bantaeng,7022500,234276500000,0,0,7022500,234276500000,-5.489790773008823,119.98723782459014
Sulawesi Selatan,7304,Jeneponto,20418000,326306950000,0,0,20418000,326306950000,-5.563344062688403,119.70271622808
Sulawesi Selatan,7305,Takalar,25165000,622456395800,0,0,25165000,622456395800,-5.412727967751159,119.47787321404597
Sulawesi Selatan,7306,Gowa,6717,16208775000,682651,13646776000,1354351,29855551000,-5.307568436046855,119.71722334983966
Sulawesi Selatan,7307,Sinjai,39269099,776677240000,0,0,39269099,776677240000,-5.211091342175089,120.13574309076344
Sulawesi Selatan,7308,Maros,28661800,933452490000,3887100,115806500000,32548900,1049258990000,-4.695623072864932,120.12916088279594
Sulawesi Selatan,7309,Pangkajene Dan Kepulauan,22146108,543036407650,0,0,22146108,543036407650,-4.998736634867955,119.72421151759168
Sulawesi Selatan,7310,Barru,20413808,530617075000,0,0,20413808,530617075000,-4.855517540246663,119.55445716705846
Sulawesi Selatan,7311,Bone,108969621,3277735103552,556524,9275941000,109526145,3287011044552,-4.436140549481766,119.693932799953
Sulawesi Selatan,7312,Soppeng,0,0,2807220,44668930000,2807220,44668930000,-4.334682459880853,119.89166000805858
Sulawesi Selatan,7313,Wajo,21311500,814709260400,34723526,924478632000,56035026,1739187892400,-3.9939474101634183,120.17200611126152
Sulawesi Selatan,7314,Sidenreng Rappang,0,0,2333664,50364645000,2333664,50364645000,-3.8172331602753946,119.95596695932007
Sulawesi Selatan,7315,Pinrang,15134399,421264825000,230746,6081040000,15365145,427345865000,-3.63124970616162,119.59861325883033
Sulawesi Selatan,7316,Enrekang,0,0,25181,685300000,25181,685300000,-3.505800717686232,119.87705872534521
Sulawesi Selatan,7317,Luwu,19029400,536364400000,9243,346046000,19038643,536710446000,-3.1982043432144485,120.18201311201467
Sulawesi Selatan,7318,Tana Toraja,0,0,269,840625000,269,840625000,-3.11331118965466,119.71290192616826
Sulawesi Selatan,7322,Luwu Utara,1850100,50944500000,2037,9204500000,2053800,60149000000,-2.3948822532321445,120.16162762581858
Sulawesi Selatan,7325,Luwu Timur,10191400,231899200000,303169,11232777000,10494569,243131977000,,
Sulawesi Selatan,7326,Toraja Utara,0,0,2187,683975000,2187,683975000,-2.8755692206620913,119.86197813705947
Sulawesi Selatan,7371,Kota Makassar,20614100,613605513500,0,0,20614100,613605513500,-5.140324067028332,119.46106189442311
Sulawesi Selatan,7372,Kota Parepare,3913900,108432181000,0,0,3913900,108432181000,-4.030263046440715,119.66409647298994
Sulawesi Selatan,7373,Kota Palopo,17315100,455531622500,0,0,17315100,455531622500,-2.9794387447098742,120.14435624879005
Sulawesi Tenggara,7401,Buton,19333396,385015079000,0,0,19333396,385015079000,-4.070377107258243,121.51793022529938
Sulawesi Tenggara,7402,Muna,18930026,679818320000,0,0,18930026,679818320000,-3.5307495648767713,121.86382839668265
Sulawesi Tenggara,7403,Konawe,3066833,99158110000,600992,18538655000,3667825,117696765000,-4.945951825681488,122.63059169221344
Sulawesi Tenggara,7404,Kolaka,22456293,757251969000,0,0,22456293,757251969000,-5.319893403505943,122.92111639591498
Sulawesi Tenggara,7405,Konawe Selatan,10518797,243544553000,212986,11453125000,10731783,254997678000,-4.260887521746899,122.41809826674978
Sulawesi Tenggara,7406,Bombana,29515998,872137391000,0,0,29515998,872137391000,-4.801262337449229,121.85320987507626
Sulawesi Tenggara,7407,Wakatobi,22797126,539207590000,0,0,22797126,539207590000,-5.585515921998359,123.78967141089575
Sulawesi Tenggara,7408,Kolaka Utara,7031480,236976200000,21651,649640000,7053131,237625840000,-3.266782233254325,121.13713935031345
Sulawesi Tenggara,7409,Buton Utara,8851095,208617900000,0,0,8851095,208617900000,-3.389959481017724,122.03154660308533
Sulawesi Tenggara,7410,Konawe Utara,14470899,369923309000,992027,21166485000,15462926,391089794000,-4.699613833765983,123.01332700735873
Sulawesi Tenggara,7411,Kolaka Timur,0,0,176541,6752931000,176541,6752931000,-3.795141059847277,121.60807612995305
Sulawesi Tenggara,7412,Konawe Kepulauan,10036526,194589206000,0,0,10036526,194589206000,-4.11095142927671,123.09755110722185
Sulawesi Tenggara,7413,Muna Barat,14397931,422124805000,0,0,14397931,422124805000,-4.824774217344927,122.49935240141693
Sulawesi Tenggara,7414,Buton Tengah,25854667,512435530200,0,0,25854667,512435530200,-5.315550021109917,122.40249789835913
Sulawesi Tenggara,7415,Buton Selatan,24188548,789606331000,0,0,24188548,789606331000,-5.604442624613467,122.68000650712888
Sulawesi Tenggara,7471,Kota Kendari,20297019,347078642092,0,0,20297019,347078642092,-3.999603327130565,122.53170210736941
Sulawesi Tenggara,7472,Kota Baubau,18705500,438976132000,0,0,18705500,438976132000,-5.432498420732369,122.67524816865802
Maluku Utara,8201,Halmahera Barat,23893964,498085400000,0,0,23893964,498085400000,1.3542688852895026,127.59309932812589
Maluku Utara,8202,Halmahera Tengah,35930180,787462640000,0,0,35930180,787462640000,0.40567720154772996,128.2824657488224
Maluku Utara,8203,Kepulauan Sula,24597581,586077490000,0,0,24597581,586077490000,1.5348105804821581,127.83108225325994
Maluku Utara,8204,Halmahera Selatan,56004720,1479240015000,0,0,56004720,1479240015000,-0.825621576263075,127.70318745912667
Maluku Utara,8205,Halmahera Utara,20366757,510857000000,0,0,20366757,510857000000,-1.972773578644058,125.84109139342371
Maluku Utara,8206,Halmahera Timur,22611449,484351645000,0,0,22611449,484351645000,1.029818021704873,128.30871730525203
Maluku Utara,8207,Pulau Morotai,41109428,974736515000,0,0,41109428,974736515000,2.313687746189897,128.44963140270775
Maluku Utara,8208,Pulau Taliabu,21146674,495758015000,0,0,21146674,495758015000,-1.8208072791941365,124.73895315747559
Maluku Utara,8271,Kota Ternate,39877731,937659732474,0,0,39877731,937659732474,0.8752223218362465,127.13066996253613
Maluku Utara,8272,Kota Tidore Kepulauan,33195777,694953775000,0,0,33195777,694953775000,0.47546153841725136,127.6812051003958
Maluku,8101,Kepulauan Tanimbar,8766052,250274640000,0,0,8766052,250274640000,-3.168559760000547,129.3026933587809
Maluku,8102,Maluku Tenggara,80591653,3965415608745,0,0,80591653,3965415608745,-5.663590266112982,132.90665459066938
Maluku,8103,Maluku Tengah,116032338,1635561175387,0,0,116032338,1635561175387,-7.5929310306328555,131.36858271950024
Maluku,8104,Buru,12860461,259623930000,0,0,12860461,259623930000,-3.3284470967273223,126.72712674148387
Maluku,8105,Kepulauan Aru,53075792,1283223205617,0,0,53075792,1283223205617,-3.4172471735315577,130.4361476556137
Maluku,8106,Seram Bagian Barat,57765059,1025405135000,0,0,57765059,1025405135000,-3.1361812156189575,128.36580538831123
Maluku,8107,Seram Bagian Timur,21740410,294385550500,0,0,21740410,294385550500,-6.199613914320779,134.4438078215993
Maluku,8108,Maluku Barat Daya,1943727,59124950000,0,0,1943727,59124950000,-7.831834953319337,127.26549946189111
Maluku,8109,Buru Selatan,12791713,370832712000,0,0,12791713,370832712000,-3.568524521479799,126.52527184533989
Maluku,8171,Kota Ambon,3182976,92623123308,0,0,3182976,92623123308,-3.682638852295993,128.19379145091798
Maluku,8172,Kota Tual,30392470,1239908344904,0,0,30392470,1239908344904,-5.563126261878559,132.51909804057988
Papua Barat,9101,Fakfak,14807213,822628825016,0,0,14807213,822628825016,-7.825960996589953,139.69952738402142
Papua Barat,9102,Kaimana,17148168,476338584000,223311,4971640000,17371479,481310224000,-4.092243612704422,138.87175393228773
Papua Barat,9103,Teluk Wondama,12985311,407916555000,0,0,12985311,407916555000,-3.01070565719661,139.98828401963283
Papua Barat,9104,Teluk Bintuni,1253398,104208030000,458957,15294670000,1712355,119502700000,-3.398157169677531,135.62167816424702
Papua Barat,9105,Manokwari,16487161,997231040814,937,251195000,16496531,997482235814,-1.7448856202093668,136.18750793849068
Papua Barat,9111,Manokwari Selatan,2654745,192168425000,53786,1838815000,2708531,194007240000,-3.355190639761011,140.6919595721837
Papua Barat,9112,Pegunungan Arfak,0,0,2712,879750000,2712,879750000,-4.543608037081485,140.53399243172657
Papua,9403,Jayapura,10338720,300565560000,5746,377195000,10344466,300942755000,,
Papua,9408,Kepulauan Yapen,37506505,989504776983,0,0,37506505,989504776983,,
Papua,9409,Biak Numfor,9035136,254061293556,0,0,9035136,254061293556,,
Papua,9419,Sarmi,5902100,236884250000,0,0,5902100,236884250000,,
Papua,9420,Keerom,0,0,0,0,0,0,,
Papua,9426,Waropen,4417528,342943500000,11568,258987519,4429096,343202487519,,
Papua,9427,Supiori,1443300,40322000000,0,0,1443300,40322000000,,
Papua,9428,Mamberamo Raya,4076935,103114050000,23182,1297222600,4100117,104411272600,,
Papua,9471,Kota Jayapura,80207227,2603795558031,3999,268880000,80211226,2604064438031,,
Papua Barat Daya,9201,Raja Ampat,15839160,858782000000,0,0,15839160,858782000000,-1.119876256278179,131.55833711873748
Papua Barat Daya,9202,Sorong,45300900,1522574000000,70810,3875000000,45371710,1526449000000,-0.9343536914503097,133.79541236493293
Papua Barat Daya,9203,Sorong Selatan,5526390,363270000000,45010,1305000000,5571400,364575000000,-3.1153086416674127,132.8494274337982
Papua Barat Daya,9204,Maybrat,0,0,23400,1681000000,23400,1681000000,-1.730651320086932,132.19656764984498
Papua Barat Daya,9205,Tambrauw,5087350,170614000000,0,0,5087350,170614000000,-0.9010726485220689,130.58060837647346
Papua Barat Daya,9271,Kota Sorong,0,0,41780,1596000000,41780,1596000000,-0.8645908011359199,131.31637034805192
Papua Selatan,9501,Merauke,8539800,189628000000,1177080,23152000000,9716880,212780000000,,
Papua Selatan,9502,Boven Digoel,0,0,0,0,0,0,,
Papua Selatan,9503,Mappi,1656000,42703000000,1244890,38025000000,2900890,80728000000,,
Papua Selatan,9504,Asmat,5175200,88127000000,84280,1725000000,5259480,89852000000,,
Papua Tengah,9601,Mimika,11639900,762363000000,0,0,11639900,762363000000,,
Papua Tengah,9602,Dogiyai,0,0,0,0,0,0,,
Papua Tengah,9603,Deiyai,0,0,107720,3983000000,107720,3983000000,,
Papua Tengah,9604,Nabire,13606660,414331000000,22600,780000000,13629260,415111000000,,
Papua Tengah,9605,Paniai,0,0,739030,24136000000,739030,24136000000,,
Papua Tengah,9606,Intan Jaya,0,0,0,0,0,0,,
Papua Tengah,9607,Puncak,0,0,0,0,0,0,,
Papua Tengah,9608,Puncak Jaya,0,0,0,0,0,0,,
Papua Pegunungan,9701,Nduga,0,0,0,0,0,0,,
Papua Pegunungan,9702,Jayawijaya,0,0,171460,6557000000,171460,6557000000,,
Papua Pegunungan,9703,Lanny Jaya,0,0,0,0,0,0,,
Papua Pegunungan,9704,Tolikara,0,0,0,0,0,0,,
Papua Pegunungan,9705,Mamberamo Tengah,0,0,0,0,0,0,,
Papua Pegunungan,9706,Yalimo,0,0,0,0,0,0,,
Papua Pegunungan,9707,Yahukimo,0,0,0,0,0,0,,
Papua Pegunungan,9708,Pegunungan Bintang,0,0,0,0,0,0,,
