provinsi,jumlah_nelayan_orang,jumlah_kapal,jumlah_rtp,produksi_perikanan_tangkap_laut_kg,produksi_perikanan_tangkap_perairandarat_kg,nilai_produksi_perikanan_tangkap_rupiah,pdrb_pkp_2024_rpmilyar,volume_ekspor_2025_ton
Aceh,112563.0,26851.0,31104.0,422025289.0,5614432.0,13799502596953.0,75317.96,2149.11
Bali,79785.0,23142.0,24844.0,127612477.0,1125917.0,2889552175211.0,40069.82,28775.31
Banten,45131.0,13275.0,14168.0,73739052.0,1212138.0,2158405244704.0,49367.5,56590.27
Bengkulu,21229.0,907.0,11647.0,85256493.0,1886267.0,2909871530000.0,31019.11,1.34
Daerah Istimewa Yogyakarta,9434.0,1281.0,7368.0,6548326.0,1989061.0,212848319310.0,19266.67,4.36
Dki Jakarta,91632.0,7936.0,6377.0,201903697.0,0.0,5514665757838.0,2762.53,272277.45
Gorontalo,34649.0,14954.0,15052.0,129365245.0,2458431.0,3251835286291.0,20344.28,169.61
Jambi,2143.0,11491.0,14946.0,46417185.0,7276883.0,1868386571488.0,109588.6,0.04
Jawa Barat,113625.0,33634.0,4732.0,268077413.0,17858979.0,7735374204870.0,237631.6,117115.21
Jawa Tengah,249342.0,5291.0,94597.0,528259134.0,25922003.0,9284586123788.0,237348.86,93114.53
Jawa Timur,239822.0,52885.0,70684.0,619052665.0,14665925.0,11297737910406.0,337697.52,375087.18
Kalimantan Barat,79214.0,33325.0,34309.0,173849129.0,35716563.0,6356361742290.0,65235.75,2556.56
Kalimantan Selatan,70597.0,39416.0,45672.0,169795524.0,61795386.0,8725666058133.0,33119.22,1754.06
Kalimantan Tengah,87745.0,44284.0,48319.0,103774363.0,54738809.0,5372056755368.0,49786.51,3.1
Kalimantan Timur,108813.0,6351.0,67842.0,166268419.0,49771135.0,8350754167847.0,74356.72,9138.79
Kalimantan Utara,29929.0,14833.0,14885.0,23509987.0,882478.0,835464983262.0,21698.8,40157.66
Kepulauan Bangka Belitung,74367.0,22964.0,24806.0,236038981.0,31847.0,8093711874014.0,21786.46,12941.34
Kepulauan Riau,129225.0,46324.0,45661.0,339329306.0,0.0,10203661035536.0,10355.53,20083.45
Lampung,37178.0,15331.0,16444.0,190325327.0,7578274.0,4960523383660.0,127266.59,19765.07
Maluku,152725.0,71201.0,75986.0,399142651.0,0.0,10476378375461.0,14781.47,12091.82
Maluku Utara,4615.0,22022.0,23444.0,318734261.0,0.0,7449182227474.0,11920.29,2013.11
Nusa Tenggara Barat,91931.0,3562.0,39.0,121437644.0,3711487.0,2228132339451.0,39096.53,5047.22
Nusa Tenggara Timur,101181.0,26946.0,29406.0,30317863.0,0.0,906552742519.0,39641.35,2280.21
Papua,8971.0,439.0,4516.0,152927451.0,44495.0,4873393273689.0,12106.72,19.56
Papua Barat,13003.0,6438.0,7236.0,65335996.0,772544.0,3023727529830.0,5124.21,222.46
Papua Barat Daya,13692.0,5423.0,5693.0,85167729.0,180968.0,3404183003664.0,4500.23,1651.43
Papua Pegunungan,75.0,75.0,75.0,0.0,171455.0,6557760000.0,4348.85,0.0
Papua Selatan,1162.0,2311.0,2356.0,15370998.0,2506227.0,383361128798.0,7156.52,2.46
Papua Tengah,1786.0,889.0,880.0,25246523.0,869357.0,1205594184685.0,6448.35,31.66
Riau,63709.0,30536.0,33802.0,105459180.0,20316385.0,3967579424500.0,301625.9,16733.35
Sulawesi Barat,31369.0,12555.0,12878.0,71527263.0,31946.0,2005651715942.0,29608.76,0.0
Sulawesi Selatan,200021.0,69486.0,7112.0,466673235.0,45811494.0,14294289156202.0,152048.02,171584.76
Sulawesi Tengah,261901.0,12866.0,150723.0,268243045.0,8864473.0,7748874717448.0,59567.55,5428.67
Sulawesi Tenggara,150316.0,56335.0,57721.0,270452134.0,2004197.0,7155021903292.0,44495.19,8874.3
Sulawesi Utara,116928.0,48494.0,49732.0,336186306.0,4725922.0,9882365147300.0,38583.04,29013.19
Sumatera Barat,74817.0,21016.0,3937.0,220024824.0,12389623.0,6847015342548.0,71161.98999999999,548.06
Sumatera Selatan,55443.0,35892.0,48975.0,86366883.0,73108210.0,7231772403595.0,90046.53,290.47
Sumatera Utara,196861.0,65651.0,70439.0,381128980.0,14689686.0,11912824045106.0,279732.3,93011.52
